{
  "feature_names": [
    "mean_hr",
    "std_hr",
    "max_hr",
    "min_hr",
    "mean_ibi",
    "sdnn",
    "rmssd",
    "pnn50",
    "ibi_range",
    "eda_mean",
    "eda_std",
    "eda_max",
    "eda_min",
    "eda_range",
    "eda_slope",
    "temp_mean",
    "temp_std",
    "temp_slope",
    "acc_magnitude_mean",
    "acc_magnitude_std"
  ],
  "means": [
    77.14872813700063,
    22.015841003163374,
    140.1422090013528,
    39.16683743014716,
    862.2335595870321,
    248.30478814142697,
    334.5536840601079,
    71.89156058719452,
    1148.251310772164,
    1.9628057370312995,
    0.062151220400893055,
    2.107135575786463,
    1.8233073508102957,
    0.2838282249761678,
    -8.345076314124237e-05,
    33.010752621544334,
    0.03183527493940455,
    -1.6690796933655668e-05,
    63.62361182485797,
    2.5134555473508904
  ],
  "scales": [
    10.625804021877952,
    7.2450499097897945,
    16.827604958403246,
    7.800230401994497,
    103.85915263473859,
    89.70578635227236,
    121.89705668382828,
    19.063206597824767,
    298.67931586210295,
    2.658784236551741,
    0.10530849111027414,
    2.8071049858784596,
    2.460778608813566,
    0.4591811852350004,
    0.0013143262456487058,
    1.4738835262836851,
    0.026339711395019103,
    0.000532431744955666,
    0.8874764747145538,
    2.7462494521885974
  ]
}